
 {
  "sections": {
    "hero_iLBwPd": {
      "type": "hero",
      "blocks": {
        "group_mATTUY": {
          "type": "group",
          "name": "t:names.group",
          "settings": {
            "content_direction": "row",
            "vertical_on_mobile": true,
            "horizontal_alignment": "flex-start",
            "vertical_alignment": "flex-end",
            "align_baseline": true,
            "horizontal_alignment_flex_direction_column": "flex-start",
            "vertical_alignment_flex_direction_column": "center",
            "gap": 12,
            "width": "fill",
            "custom_width": 100,
            "width_mobile": "fill",
            "custom_width_mobile": 100,
            "height": "fit",
            "custom_height": 100,
            "inherit_color_scheme": true,
            "color_scheme": "",
            "background_media": "none",
            "video_position": "cover",
            "background_image_position": "cover",
            "border": "none",
            "border_width": 1,
            "border_opacity": 100,
            "border_radius": 0,
            "toggle_overlay": false,
            "overlay_color": "#00000026",
            "overlay_style": "solid",
            "gradient_direction": "to top",
            "link": "",
            "open_in_new_tab": false,
            "placeholder": "",
            "padding-block-start": 0,
            "padding-block-end": 0,
            "padding-inline-start": 0,
            "padding-inline-end": 0
          },
          "blocks": {
            "group_U86Qji": {
              "type": "group",
              "name": "t:names.group",
              "settings": {
                "content_direction": "column",
                "vertical_on_mobile": true,
                "horizontal_alignment": "flex-start",
                "vertical_alignment": "center",
                "align_baseline": false,
                "horizontal_alignment_flex_direction_column": "flex-start",
                "vertical_alignment_flex_direction_column": "center",
                "gap": 0,
                "width": "custom",
                "custom_width": 100,
                "width_mobile": "fill",
                "custom_width_mobile": 100,
                "height": "fit",
                "custom_height": 100,
                "inherit_color_scheme": true,
                "color_scheme": "",
                "background_media": "none",
                "video_position": "cover",
                "background_image_position": "cover",
                "border": "none",
                "border_width": 1,
                "border_opacity": 100,
                "border_radius": 0,
                "toggle_overlay": false,
                "overlay_color": "#00000026",
                "overlay_style": "solid",
                "gradient_direction": "to top",
                "link": "",
                "open_in_new_tab": false,
                "placeholder": "",
                "padding-block-start": 0,
                "padding-block-end": 0,
                "padding-inline-start": 0,
                "padding-inline-end": 0
              },
              "blocks": {
                "text_nptTQe": {
                  "type": "text",
                  "name": "Heading",
                  "settings": {
                    "text": "<h2><em>Launch your own Web3 TLD</em></h2>",
                    "width": "100%",
                    "max_width": "normal",
                    "alignment": "left",
                    "type_preset": "custom",
                    "font": "var(--font-accent--family)",
                    "font_size": "1.5rem",
                    "line_height": "normal",
                    "letter_spacing": "normal",
                    "case": "none",
                    "wrap": "pretty",
                    "color": "",
                    "background": false,
                    "background_color": "#00000026",
                    "corner_radius": 0,
                    "padding-block-start": 0,
                    "padding-block-end": 0,
                    "padding-inline-start": 0,
                    "padding-inline-end": 0
                  },
                  "blocks": {}
                },
                "text_m9AcWC": {
                  "type": "text",
                  "settings": {
                    "text": "<h1>Create and sell Web3 domains in minutes</h1>",
                    "width": "100%",
                    "max_width": "normal",
                    "alignment": "left",
                    "type_preset": "h2",
                    "font": "var(--font-primary--family)",
                    "font_size": "",
                    "line_height": "normal",
                    "letter_spacing": "normal",
                    "case": "none",
                    "wrap": "pretty",
                    "color": "",
                    "background": false,
                    "background_color": "#00000026",
                    "corner_radius": 0,
                    "padding-block-start": 0,
                    "padding-block-end": 0,
                    "padding-inline-start": 0,
                    "padding-inline-end": 0
                  },
                  "blocks": {}
                }
              },
              "block_order": [
                "text_nptTQe",
                "text_m9AcWC"
              ]
            },
            "text_ebNxhf": {
              "type": "text",
              "name": "Text",
              "settings": {
                "text": "<p>Freename gives builders everything needed to launch a top-level domain, mint Web3 names, and manage payouts—no protocol engineering, no custom infra, just deploy and grow.</p>",
                "width": "fit-content",
                "max_width": "none",
                "alignment": "left",
                "type_preset": "rte",
                "font": "var(--font-primary--family)",
                "font_size": "",
                "line_height": "normal",
                "letter_spacing": "normal",
                "case": "none",
                "wrap": "pretty",
                "color": "",
                "background": false,
                "background_color": "#00000026",
                "corner_radius": 0,
                "padding-block-start": 0,
                "padding-block-end": 0,
                "padding-inline-start": 0,
                "padding-inline-end": 0
              },
              "blocks": {}
            }
          },
          "block_order": [
            "group_U86Qji",
            "text_ebNxhf"
          ]
        }
      },
      "block_order": [
        "group_mATTUY"
      ],
      "name": "t:names.hero",
      "settings": {
        "media_type_1": "image",
        "image_1": "shopify://shop_images/a4a1106c-f867-4bd2-8a48-a9cbbc01ae95-hero_desktop_primary.png",
        "media_type_2": "image",
        "stack_media_on_mobile": false,
        "custom_mobile_media": false,
        "media_type_1_mobile": "image",
        "media_type_2_mobile": "image",
        "link": "",
        "open_in_new_tab": false,
        "content_direction": "column",
        "vertical_on_mobile": true,
        "horizontal_alignment": "flex-start",
        "vertical_alignment": "center",
        "align_baseline": false,
        "horizontal_alignment_flex_direction_column": "flex-start",
        "vertical_alignment_flex_direction_column": "flex-end",
        "gap": 16,
        "section_width": "page-width",
        "section_height": "large",
        "section_height_custom": 50,
        "color_scheme": "scheme-5",
        "toggle_overlay": true,
        "overlay_color": "#00000026",
        "overlay_style": "solid",
        "gradient_direction": "to top",
        "blurred_reflection": false,
        "reflection_opacity": 75,
        "padding-block-start": 0,
        "padding-block-end": 31
      }
    },
    "product_list_EDUBdR": {
      "type": "product-list",
      "blocks": {
        "static-header": {
          "type": "_product-list-content",
          "static": true,
          "settings": {
            "content_direction": "column",
            "vertical_on_mobile": true,
            "horizontal_alignment": "flex-start",
            "vertical_alignment": "center",
            "align_baseline": false,
            "horizontal_alignment_flex_direction_column": "center",
            "vertical_alignment_flex_direction_column": "center",
            "gap": 12,
            "width": "fill",
            "custom_width": 100,
            "width_mobile": "fill",
            "custom_width_mobile": 100,
            "height": "fit",
            "custom_height": 100,
            "inherit_color_scheme": true,
            "color_scheme": "",
            "background_media": "none",
            "video_position": "cover",
            "background_image_position": "cover",
            "border": "none",
            "border_width": 1,
            "border_opacity": 100,
            "border_radius": 0,
            "padding-block-start": 0,
            "padding-block-end": 0,
            "padding-inline-start": 0,
            "padding-inline-end": 0
          },
          "blocks": {
            "product_list_text_qK4EWG": {
              "type": "_product-list-text",
              "name": "t:names.collection_title",
              "settings": {
                "text": "<h3>Everything your TLD needs, out of the box</h3>",
                "width": "fit-content",
                "max_width": "normal",
                "alignment": "left",
                "type_preset": "h2",
                "font": "var(--font-primary--family)",
                "font_size": "",
                "line_height": "normal",
                "letter_spacing": "normal",
                "case": "none",
                "wrap": "pretty",
                "color": "",
                "background": false,
                "background_color": "#00000026",
                "corner_radius": 0,
                "padding-block-start": 0,
                "padding-block-end": 0,
                "padding-inline-start": 0,
                "padding-inline-end": 0
              },
              "blocks": {}
            }
          },
          "block_order": [
            "product_list_text_qK4EWG"
          ]
        },
        "static-product-card": {
          "type": "_product-card",
          "name": "t:names.product_card",
          "static": true,
          "settings": {
            "product_card_gap": 0,
            "inherit_color_scheme": false,
            "color_scheme": "scheme-2",
            "border": "none",
            "border_width": 1,
            "border_opacity": 100,
            "border_radius": 10,
            "padding-block-start": 0,
            "padding-block-end": 0,
            "padding-inline-start": 0,
            "padding-inline-end": 0
          },
          "blocks": {
            "product_card_gallery_hpki3q": {
              "type": "_product-card-gallery",
              "name": "t:names.product_card_media",
              "settings": {
                "image_ratio": "square",
                "border": "none",
                "border_width": 1,
                "border_opacity": 100,
                "border_radius": 0,
                "padding-block-start": 0,
                "padding-block-end": 0,
                "padding-inline-start": 0,
                "padding-inline-end": 0
              },
              "blocks": {}
            },
            "group_jHUdWN": {
              "type": "_product-card-group",
              "name": "t:names.group",
              "settings": {
                "content_direction": "column",
                "vertical_on_mobile": true,
                "horizontal_alignment": "flex-start",
                "vertical_alignment": "center",
                "align_baseline": false,
                "horizontal_alignment_flex_direction_column": "flex-start",
                "vertical_alignment_flex_direction_column": "center",
                "gap": 4,
                "width": "fill",
                "custom_width": 100,
                "width_mobile": "fill",
                "custom_width_mobile": 100,
                "height": "fit",
                "custom_height": 100,
                "inherit_color_scheme": true,
                "color_scheme": "",
                "background_media": "none",
                "video_position": "cover",
                "background_image_position": "cover",
                "border": "none",
                "border_width": 1,
                "border_opacity": 100,
                "border_radius": 0,
                "toggle_overlay": false,
                "overlay_color": "#00000026",
                "overlay_style": "solid",
                "gradient_direction": "to top",
                "link": "",
                "open_in_new_tab": false,
                "padding-block-start": 24,
                "padding-block-end": 24,
                "padding-inline-start": 24,
                "padding-inline-end": 24
              },
              "blocks": {
                "product_title_gH3cpy": {
                  "type": "product-title",
                  "name": "t:names.product_title",
                  "settings": {
                    "width": "fit-content",
                    "max_width": "normal",
                    "alignment": "left",
                    "type_preset": "paragraph",
                    "font": "var(--font-body--family)",
                    "font_size": "1rem",
                    "line_height": "normal",
                    "letter_spacing": "normal",
                    "case": "none",
                    "wrap": "pretty",
                    "color": "var(--color-foreground)",
                    "background": false,
                    "background_color": "#00000026",
                    "corner_radius": 0,
                    "padding-block-start": 0,
                    "padding-block-end": 0,
                    "padding-inline-start": 0,
                    "padding-inline-end": 0
                  },
                  "blocks": {}
                },
                "price_anAima": {
                  "type": "price",
                  "name": "t:names.product_price",
                  "settings": {
                    "show_sale_price_first": true,
                    "show_installments": false,
                    "show_tax_info": false,
                    "type_preset": "paragraph",
                    "width": "100%",
                    "alignment": "left",
                    "font": "var(--font-body--family)",
                    "font_size": "1rem",
                    "line_height": "normal",
                    "letter_spacing": "normal",
                    "case": "none",
                    "color": "var(--color-foreground)",
                    "padding-block-start": 0,
                    "padding-block-end": 0,
                    "padding-inline-start": 0,
                    "padding-inline-end": 0
                  },
                  "blocks": {}
                },
                "swatches_eYcKAz": {
                  "type": "swatches",
                  "name": "t:names.swatches",
                  "settings": {
                    "product_swatches_alignment": "flex-start",
                    "product_swatches_alignment_mobile": "flex-start",
                    "hide_padding": false,
                    "product_swatches_padding_top": 4,
                    "product_swatches_padding_bottom": 0,
                    "product_swatches_padding_left": 0,
                    "product_swatches_padding_right": 0
                  },
                  "blocks": {}
                }
              },
              "block_order": [
                "product_title_gH3cpy",
                "price_anAima",
                "swatches_eYcKAz"
              ]
            }
          },
          "block_order": [
            "product_card_gallery_hpki3q",
            "group_jHUdWN"
          ]
        }
      },
      "name": "Featured collection",
      "settings": {
        "collection": "all",
        "layout_type": "grid",
        "carousel_on_mobile": false,
        "max_products": 8,
        "columns": 4,
        "mobile_columns": "2",
        "mobile_card_size": "60cqw",
        "columns_gap": 12,
        "rows_gap": 12,
        "icons_style": "arrow",
        "icons_shape": "none",
        "section_width": "page-width",
        "horizontal_alignment": "flex-start",
        "gap": 28,
        "color_scheme": "scheme-1",
        "padding-block-start": 48,
        "padding-block-end": 64
      }
    },
    "media_with_content_LfPdEJ": {
      "type": "media-with-content",
      "blocks": {
        "media": {
          "type": "_media-without-appearance",
          "static": true,
          "settings": {
            "media_type": "image",
            "image": "shopify://shop_images/general-clothing-bold-5.jpg",
            "link": "",
            "video_loop": true,
            "video_autoplay": true,
            "image_position": "cover",
            "video_position": "cover"
          },
          "blocks": {}
        },
        "content": {
          "type": "_content-without-appearance",
          "static": true,
          "settings": {
            "horizontal_alignment_flex_direction_column": "center",
            "vertical_alignment_flex_direction_column": "center",
            "gap": 24
          },
          "blocks": {
            "image_y4ApqF": {
              "type": "image",
              "name": "t:names.image",
              "settings": {
                "link": "",
                "image_ratio": "adapt",
                "width": "fill",
                "custom_width": 100,
                "width_mobile": "fill",
                "custom_width_mobile": 100,
                "height": "fit",
                "border": "none",
                "border_width": 1,
                "border_opacity": 100,
                "border_radius": 0,
                "padding-block-start": 0,
                "padding-block-end": 0,
                "padding-inline-start": 0,
                "padding-inline-end": 0
              },
              "blocks": {}
            },
            "text_Hf79zK": {
              "type": "text",
              "name": "t:names.heading",
              "settings": {
                "text": "<h2>Built for builders, not registries</h2>",
                "width": "fit-content",
                "max_width": "normal",
                "alignment": "left",
                "type_preset": "h3",
                "font": "var(--font-primary--family)",
                "font_size": "",
                "line_height": "normal",
                "letter_spacing": "normal",
                "case": "none",
                "wrap": "pretty",
                "color": "",
                "background": false,
                "background_color": "#00000026",
                "corner_radius": 0,
                "padding-block-start": 0,
                "padding-block-end": 0,
                "padding-inline-start": 0,
                "padding-inline-end": 0
              },
              "blocks": {}
            },
            "text_jxGhdJ": {
              "type": "text",
              "settings": {
                "text": "<p>Launch your extension, connect your contracts, and let Freename handle minting, payouts, and name management. Stay focused on your ecosystem, not your stack.</p>",
                "width": "fit-content",
                "max_width": "narrow",
                "alignment": "left",
                "type_preset": "rte",
                "font": "var(--font-primary--family)",
                "font_size": "",
                "line_height": "normal",
                "letter_spacing": "normal",
                "case": "none",
                "wrap": "pretty",
                "color": "",
                "background": false,
                "background_color": "#00000026",
                "corner_radius": 0,
                "padding-block-start": 0,
                "padding-block-end": 0,
                "padding-inline-start": 0,
                "padding-inline-end": 0
              },
              "blocks": {}
            },
            "button_zg4nUF": {
              "type": "button",
              "settings": {
                "label": "Start with Freename",
                "link": "shopify://collections/all",
                "open_in_new_tab": false,
                "style_class": "button",
                "width": "fit-content",
                "custom_width": 100,
                "width_mobile": "fit-content",
                "custom_width_mobile": 100
              },
              "blocks": {}
            }
          },
          "block_order": [
            "image_y4ApqF",
            "text_Hf79zK",
            "text_jxGhdJ",
            "button_zg4nUF"
          ]
        }
      },
      "name": "t:names.media_with_text",
      "settings": {
        "media_position": "left",
        "media_width": "medium",
        "media_height": "50svh",
        "section_width": "page-width",
        "extend_media": true,
        "color_scheme": "scheme-41dbb9c3-0866-4036-9494-aa0e1c1cedda",
        "padding-block-start": 0,
        "padding-block-end": 0
      }
    },
    "collection_list_xpBxCm": {
      "type": "collection-list",
      "blocks": {
        "group_mfTd9p": {
          "type": "group",
          "name": "t:names.header",
          "settings": {
            "content_direction": "column",
            "vertical_on_mobile": true,
            "horizontal_alignment": "flex-start",
            "vertical_alignment": "center",
            "align_baseline": false,
            "horizontal_alignment_flex_direction_column": "center",
            "vertical_alignment_flex_direction_column": "center",
            "gap": 16,
            "width": "fill",
            "custom_width": 100,
            "width_mobile": "fill",
            "custom_width_mobile": 100,
            "height": "fit",
            "custom_height": 100,
            "inherit_color_scheme": true,
            "color_scheme": "",
            "background_media": "none",
            "video_position": "cover",
            "background_image_position": "cover",
            "border": "none",
            "border_width": 1,
            "border_opacity": 100,
            "border_radius": 0,
            "toggle_overlay": false,
            "overlay_color": "#00000026",
            "overlay_style": "solid",
            "gradient_direction": "to top",
            "link": "",
            "open_in_new_tab": false,
            "placeholder": "",
            "padding-block-start": 0,
            "padding-block-end": 16,
            "padding-inline-start": 0,
            "padding-inline-end": 0
          },
          "blocks": {
            "text_AYrwfM": {
              "type": "text",
              "name": "t:names.text",
              "settings": {
                "text": "<h2>Explore Freename use cases</h2>",
                "width": "fit-content",
                "max_width": "normal",
                "alignment": "left",
                "type_preset": "h2",
                "font": "var(--font-body--family)",
                "font_size": "1rem",
                "line_height": "normal",
                "letter_spacing": "normal",
                "case": "none",
                "wrap": "pretty",
                "color": "",
                "background": false,
                "background_color": "#00000026",
                "corner_radius": 0,
                "padding-block-start": 0,
                "padding-block-end": 0,
                "padding-inline-start": 0,
                "padding-inline-end": 0
              },
              "blocks": {}
            }
          },
          "block_order": [
            "text_AYrwfM"
          ]
        },
        "static-collection-card": {
          "type": "_collection-card",
          "name": "t:names.collection_card",
          "static": true,
          "settings": {
            "placement": "on_image",
            "horizontal_alignment": "flex-start",
            "vertical_alignment": "flex-start",
            "collection_card_gap": 8,
            "inherit_color_scheme": true,
            "color_scheme": "scheme-6",
            "border": "none",
            "border_width": 1,
            "border_opacity": 100,
            "border_radius": 10
          },
          "blocks": {
            "collection_title_zyBdAJ": {
              "type": "collection-title",
              "name": "t:names.collection_title",
              "settings": {
                "width": "fit-content",
                "max_width": "normal",
                "alignment": "left",
                "type_preset": "h5",
                "font": "var(--font-body--family)",
                "font_size": "1rem",
                "line_height": "normal",
                "letter_spacing": "normal",
                "case": "none",
                "wrap": "pretty",
                "color": "var(--color-foreground)",
                "background": false,
                "background_color": "#00000026",
                "corner_radius": 0,
                "padding-block-start": 0,
                "padding-block-end": 0,
                "padding-inline-start": 0,
                "padding-inline-end": 0
              },
              "blocks": {}
            },
            "collection-card-image": {
              "type": "_collection-card-image",
              "static": true,
              "settings": {
                "image_ratio": "portrait",
                "toggle_overlay": false,
                "overlay_color": "#00000026",
                "overlay_style": "solid",
                "gradient_direction": "to top",
                "border": "none",
                "border_width": 1,
                "border_opacity": 100,
                "border_radius": 0
              },
              "blocks": {}
            }
          },
          "block_order": [
            "collection_title_zyBdAJ"
          ]
        }
      },
      "block_order": [
        "group_mfTd9p"
      ],
      "name": "Collection list",
      "settings": {
        "collection_list": [],
        "layout_type": "bento",
        "carousel_on_mobile": true,
        "columns": 4,
        "mobile_columns": "2",
        "mobile_card_size": "60cqw",
        "columns_gap": 16,
        "bento_gap": 12,
        "rows_gap": 16,
        "max_collections": 4,
        "icons_style": "arrow",
        "icons_shape": "none",
        "section_width": "page-width",
        "gap": 12,
        "color_scheme": "",
        "padding-block-start": 48,
        "padding-block-end": 64
      }
    }
  },
  "order": [
    "hero_iLBwPd",
    "product_list_EDUBdR",
    "media_with_content_LfPdEJ",
    "collection_list_xpBxCm"
  ]
}
